<?xml version="1.0" encoding="UTF-8"?>
<mapconfig>
  <l10n>
    <text name="apfel">
      <en>Apple</en>
      <de>Apfel</de>
      <fr>Pomme</fr>
    </text>
    <text name="Apfel">
      <en>Apple</en>
      <de>Apfel</de>
      <fr>Pomme</fr>
    </text>
    <text name="Apfelpalette">
      <en>Apple</en>
      <de>Apfel</de>
      <fr>Pomme</fr>
    </text>
    <text name="backwaren">
      <en>Pastries</en>
      <de>Backwaren</de>
      <fr>Pâtisserie</fr>
    </text>
    <text name="Backwaren">
      <en>Pastries</en>
      <de>Backwaren</de>
      <fr>Pâtisserie</fr>
    </text>
    <text name="beer">
      <en>Case of beer</en>
      <de>Bierkasten</de>
      <fr>Caisse de bière</fr>
    </text>
    <text name="beerf">
      <en>Beer keg</en>
      <de>Bierfass</de>
      <fr>Tonnelet de bière</fr>
    </text>
    <text name="bierpalettefass">
      <en>Beer keg</en>
      <de>Bierfass</de>
      <fr>Tonnelet de bière</fr>
    </text>
    <text name="bierpalettekasten">
      <en>bierpalettekasten</en>
      <de>Bierkasten</de>
      <fr>Caisse de bière</fr>
    </text>
    <text name="birne">
      <en>Pear</en>
      <de>Birne</de>
      <fr>Poire</fr>
    </text>
    <text name="Birne">
      <en>Pear</en>
      <de>Birne</de>
      <fr>Poire</fr>
    </text>
    <text name="Birnenpalette">
      <en>Pear</en>
      <de>Birne</de>
      <fr>Poire</fr>
    </text>
    <text name="blumenkohl">
      <en>Cauliflower</en>
      <de>Blumenkohl</de>
      <fr>Chou-fleur</fr>
    </text>
    <text name="Blumenkohl">
      <en>Cauliflower</en>
      <de>Blumenkohl</de>
      <fr>Chou-fleur</fr>
    </text>
    <text name="boardPallet">
      <en>Planks</en>
      <de>Bretter</de>
      <fr>Palette de planche</fr>
    </text>
    <text name="boardwood">
      <en>Planks</en>
      <de>Bretter</de>
      <fr>Palette de planche</fr>
    </text>
    <text name="Brennstoffe">
      <en>Combustibles</en>
      <de>Brennstoffe</de>
      <fr>Carburants</fr>
    </text>
    <text name="brot">
      <en>Bread</en>
      <de>Brot</de>
      <fr>Pain</fr>
    </text>
    <text name="brotpalette">
      <en>Bread</en>
      <de>Brot</de>
      <fr>Pain</fr>
    </text>
    <text name="Brueckenbau">
      <en>Bridge construction</en>
      <de>Brückenbau</de>
      <fr>Construction de ponts</fr>
    </text>
    <text name="butter">
      <en>Butter</en>
      <de>Butter</de>
      <fr>Beure</fr>
    </text>
    <text name="Butterpalette">
      <en>Butter</en>
      <de>Butter</de>
      <fr>Beure</fr>
    </text>
    <text name="cement">
      <en>Cement</en>
      <de>Zement</de>
      <fr>Ciment</fr>
    </text>
    <text name="Cement">
      <en>Cement</en>
      <de>Zement</de>
      <fr>Ciment</fr>
    </text>
    <text name="chips">
      <en>Chips</en>
      <de>Chips</de>
      <fr>Chips</fr>
    </text>
    <text name="cm_inputFuel">
      <en>Diesel</en>
      <de>Diesel</de>
      <fr>Diesel</fr>
    </text>
    <text name="cm_inputWaste">
      <en>Waste</en>
      <de>Abfall</de>
      <fr>Déchets</fr>
    </text>
    <text name="cm_outputCompost">
      <en>Compost</en>
      <de>Kompost</de>
      <fr>Compost</fr>
    </text>
    <text name="compost">
      <en>Compost</en>
      <de>Kompost</de>
      <fr>Compost</fr>
    </text>
    <text name="Compost">
      <en>Compost</en>
      <de>Kompost</de>
      <fr>Compost</fr>
    </text>
    <text name="Diesel">
      <en>Diesel</en>
      <de>Diesel</de>
      <fr>Diesel</fr>
    </text>
    <text name="eier">
      <en>Egg</en>
      <de>Eier</de>
      <fr>Conneries</fr>
    </text>
    <text name="Eierpalette">
      <en>Egg</en>
      <de>Eier</de>
      <fr>Conneries</fr>
    </text>
    <text name="emptypallet">
      <en>Empty pallet</en>
      <de>Leere Paletten</de>
      <fr>Palette vide</fr>
    </text>
    <text name="Erdfruechten">
      <en>Earth fruits</en>
      <de>Erdfrüchte</de>
      <fr>Tubercules</fr>
    </text>
    <text name="fisch">
      <en>Fish</en>
      <de>Fisch</de>
      <fr>Pêcher</fr>
    </text>
    <text name="Fisch">
      <en>Fish</en>
      <de>Fisch</de>
      <fr>Pêcher</fr>
    </text>
    <text name="Fischpalette">
      <en>Fish</en>
      <de>Fisch</de>
      <fr>Pêcher</fr>
    </text>
    <text name="Fleisch">
      <en>Meat</en>
      <de>Fleisch</de>
      <fr>Viande</fr>
    </text>
    <text name="FS_fertilizer">
      <en>Fertilizer</en>
      <de>Dünger</de>
      <fr>Engrais</fr>
    </text>
    <text name="FS_Seeds">
      <en>Seeds</en>
      <de>Saatgut</de>
      <fr>Semence</fr>
    </text>
    <text name="fuel">
      <en>Diesel</en>
      <de>Diesel</de>
      <fr>Diesel</fr>
    </text>
    <text name="geld">
      <en>Money</en>
      <de>Geld</de>
      <fr>Argent</fr>
    </text>
    <text name="Geldkassette">
      <en>Money</en>
      <de>Geld</de>
      <fr>Argent</fr>
    </text>
    <text name="Getreide">
      <en>Grain</en>
      <de>Getreide</de>
      <fr>Céréales</fr>
    </text>
    <text name="grain">
      <en>Grain</en>
      <de>Getreide</de>
      <fr>Céréales</fr>
    </text>
    <text name="Gras">
      <en>Grass</en>
      <de>Gras</de>
      <fr>Herbe</fr>
    </text>
    <text name="gravel">
      <en>Gravel</en>
      <de>Kies</de>
      <fr>Gravier</fr>
    </text>
    <text name="Guelle">
      <en>Liquid manure</en>
      <de>Gülle</de>
      <fr>Lisier</fr>
    </text>
    <text name="Hackschnitzel">
      <en>Wood chips</en>
      <de>Hackschnitzel</de>
      <fr>Copeaux de bois</fr>
    </text>
    <text name="Holz">
      <en>Logs</en>
      <de>Holzstämme</de>
      <fr>Grumes</fr>
    </text>
    <text name="hops">
      <en>Hops</en>
      <de>Hopfen</de>
      <fr>Houblon</fr>
    </text>
    <text name="Kartoffeln">
      <en>Potato</en>
      <de>Kartoffeln</de>
      <fr>Pommes de terre</fr>
    </text>
    <text name="kartoffelsack">
      <en>Potato bag</en>
      <de>Kartoffelsack</de>
      <fr>Sac de pommes de terre</fr>
    </text>
    <text name="karton">
      <en>Cardboard</en>
      <de>Karton</de>
      <fr>Carton</fr>
    </text>
    <text name="Kies">
      <en>Gravel</en>
      <de>Kies</de>
      <fr>Gravier</fr>
    </text>
    <text name="kirsche">
      <en>Cherry</en>
      <de>Kirsche</de>
      <fr>Cerise</fr>
    </text>
    <text name="Kirschen">
      <en>Cherry</en>
      <de>Kirsche</de>
      <fr>Cerise</fr>
    </text>
    <text name="Kirschpalette">
      <en>Cherry</en>
      <de>Kirsche</de>
      <fr>Cerise</fr>
    </text>
    <text name="Korn">
      <en>Korn</en>
      <de>Korn</de>
      <fr>Grains</fr>
    </text>
    <text name="krabben">
      <en>Pawns</en>
      <de>Krabben</de>
      <fr>Gambas</fr>
    </text>
    <text name="Krabben">
      <en>Pawns</en>
      <de>Krabben</de>
      <fr>Gambas</fr>
    </text>
    <text name="Krabbenpalette">
      <en>Pawns</en>
      <de>Krabben</de>
      <fr>Gambas</fr>
    </text>
    <text name="Kuchen">
      <en>Cake</en>
      <de>Kuchen</de>
      <fr>Gâteau</fr>
    </text>
    <text name="Kuchen">
      <en>Cake</en>
      <de>Kuchen</de>
      <fr>Gâteau</fr>
    </text>
    <text name="kuerbis">
      <en>Pumpkin</en>
      <de>Kürbis</de>
      <fr>Citrouille</fr>
    </text>
    <text name="meat">
      <en>Meat</en>
      <de>Fleisch</de>
      <fr>Fleisch</fr>
    </text>
    <text name="mehl">
      <en>Flour</en>
      <de>Mehl</de>
      <fr>Farine</fr>
    </text>
    <text name="mehlpalette">
      <en>Flour</en>
      <de>Mehl</de>
      <fr>Farine</fr>
    </text>
    <text name="milch">
      <en>Whole milk</en>
      <de>Vollmilch</de>
      <fr>Lait entier</fr>
    </text>
    <text name="Milchpalette">
      <en>Whole milk</en>
      <de>Vollmilch</de>
      <fr>Lait entier</fr>
    </text>
    <text name="Mischfutter">
      <en>Forage</en>
      <de>Mischfutter</de>
      <fr>Aliments composés</fr>
    </text>
    <text name="Mist">
      <en>Manure</en>
      <de>Mist</de>
      <fr>Fumier</fr>
    </text>
    <text name="oat">
      <en>Oat</en>
      <de>Hafer</de>
      <fr>Avoine</fr>
    </text>
    <text name="obstler">
      <en>Fruit schnapps</en>
      <de>Obstler</de>
      <fr>Eau-de-vie de fruits</fr>
    </text>
    <text name="Obstler">
      <en>Fruit schnapps</en>
      <de>Obstler</de>
      <fr>Eau-de-vie de fruits</fr>
    </text>
    <text name="Obstpalette">
      <en>Fruit</en>
      <de>Obst</de>
      <fr>Fruit</fr>
    </text>
    <text name="oel">
      <en>Cooking oil</en>
      <de>Speiseöl</de>
      <fr>Huile</fr>
    </text>
    <text name="palettebutter">
      <en>Butter</en>
      <de>Butter</de>
      <fr>Beure</fr>
    </text>
    <text name="palettechips">
      <en>Chips</en>
      <de>Chips</de>
      <fr>Chips</fr>
    </text>
    <text name="palettekartoffelsack">
      <en>Potato bag</en>
      <de>Kartoffelsack</de>
      <fr>Sac de pommes de terre</fr>
    </text>
    <text name="palettekorn">
      <en>Korn</en>
      <de>Korn</de>
      <fr>Grains</fr>
    </text>
    <text name="palettemilch">
      <en>Whole milk</en>
      <de>Vollmilch</de>
      <fr>Lait entier</fr>
    </text>
    <text name="paletteobstler">
      <en>Fruit schnapps</en>
      <de>Obstler</de>
      <fr>Eau-de-vie de fruits</fr>
    </text>
    <text name="palettepapier">
      <en>Paper</en>
      <de>Papier</de>
      <fr>Papier</fr>
    </text>
    <text name="palettepommes">
      <en>Pommes</en>
      <de>Pommes</de>
      <fr>Palette de pommes</fr>
    </text>
    <text name="palettequark">
      <en>Curd</en>
      <de>Quark</de>
      <fr>Fromage blanc</fr>
    </text>
    <text name="palettesahne">
      <en>Cream</en>
      <de>Sahne</de>
      <fr>Crème</fr>
    </text>
    <text name="palettespeiseoel">
      <en>Cooking oil</en>
      <de>Speiseöl</de>
      <fr>Huile</fr>
    </text>
    <text name="paletteyogurt">
      <en>Yogurt</en>
      <de>Joghurt</de>
      <fr>Yaourt</fr>
    </text>
    <text name="papier">
      <en>Paper</en>
      <de>Papier</de>
      <fr>Papier</fr>
    </text>
    <text name="pellets">
      <en>Pellets</en>
      <de>Pellets</de>
      <fr>Pellets</fr>
    </text>
    <text name="Pelletspalette">
      <en>Pellets</en>
      <de>Pellets</de>
      <fr>Pellets</fr>
    </text>
    <text name="pflaume">
      <en>Plum</en>
      <de>Pflaume</de>
      <fr>Prune</fr>
    </text>
    <text name="Pflaumen">
      <en>Plum</en>
      <de>Pflaume</de>
      <fr>Prune</fr>
    </text>
    <text name="Pflaumenpalette">
      <en>Plum</en>
      <de>Pflaume</de>
      <fr>Prune</fr>
    </text>
    <text name="pommes">
      <en>Pommes</en>
      <de>Pommes</de>
      <fr>Pommes</fr>
    </text>
    <text name="quark">
      <en>Curd</en>
      <de>Quark</de>
      <fr>Fromage blanc</fr>
    </text>
    <text name="Quarkpalette">
      <en>Curd</en>
      <de>Quark</de>
      <fr>Fromage blanc</fr>
    </text>
    <text name="Raps Sonnenblume Soja">
      <en>Raps Sonnenblume Soja</en>
      <de>Protein</de>
      <fr>Protéine</fr>
    </text>
    <text name="Rinder">
      <en>Cow</en>
      <de>Rinder</de>
      <fr>Vache</fr>
    </text>
    <text name="RM_Output">
      <en>Diesel</en>
      <de>Diesel</de>
      <fr>Diesel</fr>
    </text>
    <text name="RM_Output2">
      <en>Water</en>
      <de>Wasser</de>
      <fr>Eau</fr>
    </text>
    <text name="rotkohl">
      <en>Red cabbage</en>
      <de>Rotkohl</de>
      <fr>Chou rouge</fr>
    </text>
    <text name="Rotkohl">
      <en>Red cabbage</en>
      <de>Rotkohl</de>
      <fr>Chou rouge</fr>
    </text>
    <text name="Rotkohlpalette">
      <en>Red cabbage</en>
      <de>Rotkohl</de>
      <fr>Chou rouge</fr>
    </text>
    <text name="RS_compost">
      <en>Compost</en>
      <de>Kompost</de>
      <fr>Compost</fr>
    </text>
    <text name="RS_compost1">
      <en>Compost</en>
      <de>Kompost</de>
      <fr>Compost</fr>
    </text>
    <text name="rye">
      <en>Rye</en>
      <de>Roggen</de>
      <fr>Seigle</fr>
    </text>
    <text name="sahne">
      <en>Cream</en>
      <de>Sahne</de>
      <fr>Crème</fr>
    </text>
    <text name="Sahnepalette">
      <en>Cream</en>
      <de>Sahne</de>
      <fr>Crème</fr>
    </text>
    <text name="salat">
      <en>Salad</en>
      <de>Salat</de>
      <fr>Salade</fr>
    </text>
    <text name="Salat">
      <en>Salad</en>
      <de>Salat</de>
      <fr>Salade</fr>
    </text>
    <text name="Salatpalette">
      <en>Salad</en>
      <de>Salat</de>
      <fr>Salade</fr>
    </text>
    <text name="sand">
      <en>Sand</en>
      <de>Sand</de>
      <fr>Sable</fr>
    </text>
    <text name="Sand">
      <en>Sand</en>
      <de>Sand</de>
      <fr>Sable</fr>
    </text>
    <text name="sausage">
      <en>Sausage</en>
      <de>Wurst</de>
      <fr>Saucisse</fr>
    </text>
    <text name="Schweinefutter">
      <en>Pig food</en>
      <de>Schweinefutter</de>
      <fr>Aliment pour les cochons</fr>
    </text>
    <text name="Silage">
      <en>Silage</en>
      <de>Silage</de>
      <fr>Ensilage</fr>
    </text>
    <text name="soybean">
      <en>Soybean</en>
      <de>Sojabohnen</de>
      <fr>Soja</fr>
    </text>
    <text name="stahl">
      <en>Steel</en>
      <de>Stahl</de>
      <fr>Acier</fr>
    </text>
    <text name="Stahl">
      <en>Steel</en>
      <de>Stahl</de>
      <fr>Acier</fr>
    </text>
    <text name="Stahlpalette">
      <en>Steel</en>
      <de>Stahl</de>
      <fr>Acier</fr>
    </text>
    <text name="stoffrolleMK">
      <en>Fabric roll</en>
      <de>Stoffrolle</de>
      <fr>Rouleau de tissu</fr>
    </text>
    <text name="Stroh">
      <en>Straw</en>
      <de>Stroh</de>
      <fr>Paille</fr>
    </text>
    <text name="Stroh_Hackschnitzel">
      <en>Straw of wood chips</en>
      <de>Stroh oder Hackschnitzel</de>
      <fr>Paille ou copeaux de bois</fr>
    </text>
    <text name="Tier_Anlieferung">
      <en>Livestock</en>
      <de>Vieh</de>
      <fr>Bétail</fr>
    </text>
    <text name="Tip_mehl">
      <en>Flour</en>
      <de>Mehl</de>
      <fr>Farine</fr>
    </text>
    <text name="Tip_RS">
      <en>Rape or sunflower</en>
      <de>Raps oder Sonnenblumen</de>
      <fr>Colza ou tournesol</fr>
    </text>
    <text name="Tip_RS1">
      <en>Liquid manure or digestate</en>
      <de>Gärreste oder Gülle</de>
      <fr>Résidus de fermentation ou fumier</fr>
    </text>
    <text name="Tip_RSbarley">
      <en>Barley</en>
      <de>Gerste</de>
      <fr>Orge</fr>
    </text>
    <text name="Tip_RSmilk">
      <en>Milk</en>
      <de>Milch</de>
      <fr>Lait</fr>
    </text>
    <text name="Tip_RSrye">
      <en>Rye</en>
      <de>Roggen</de>
      <fr>Seigle</fr>
    </text>
    <text name="Tip_RSwater">
      <en>Water</en>
      <de>Wasser</de>
      <fr>Eau</fr>
    </text>
    <text name="Tip_RSwheat">
      <en>Wheat</en>
      <de>Weizen</de>
      <fr>Blé</fr>
    </text>
    <text name="Tip_RSzucker">
      <en>Sugar beet</en>
      <de>Zuckerrüben</de>
      <fr>Betterave à sucre</fr>
    </text>
    <text name="tomaten">
      <en>Tomatoes</en>
      <de>Tomaten</de>
      <fr>Tomate</fr>
    </text>
    <text name="Tomaten">
      <en>Tomatoes</en>
      <de>Tomaten</de>
      <fr>Tomate</fr>
    </text>
    <text name="Tomatenpalette">
      <en>Tomatoes</en>
      <de>Tomaten</de>
      <fr>Tomate</fr>
    </text>
    <text name="washedPotato">
      <en>Washed potatoes</en>
      <de>gewasch. Kartoffeln</de>
      <fr>Pommes de terre lavées</fr>
    </text>
    <text name="Wasser">
      <en>Water</en>
      <de>Wasser</de>
      <fr>Eau</fr>
    </text>
    <text name="Wolle">
      <en>Wool</en>
      <de>Wolle</de>
      <fr>Laine</fr>
    </text>
    <text name="woodChips">
      <en>Wood chips</en>
      <de>Hackschnitzel</de>
      <fr>Copeaux de bois</fr>
    </text>
    <text name="wool">
      <en>Wool</en>
      <de>Wolle</de>
      <fr>Laine</fr>
    </text>
    <text name="Wurst">
      <en>Sausage</en>
      <de>Wurst</de>
      <fr>Saucisse</fr>
    </text>
    <text name="yogurt">
      <en>Yogurt</en>
      <de>Joghurt</de>
      <fr>Yaourt</fr>
    </text>
    <text name="Zement">
      <en>Cement</en>
      <de>Zement</de>
      <fr>Ciment</fr>
    </text>
    <text name="zucker">
      <en>Sugar</en>
      <de>Zucker</de>
      <fr>Sucre</fr>
    </text>
    <text name="Zuckerpalette">
      <en>Sugar</en>
      <de>Zucker</de>
      <fr>Sucre</fr>
    </text>
    <text name="zuckerpalette">
      <en>Sugar</en>
      <de>Zucker</de>
      <fr>Sucre</fr>
    </text>
    <text name="palette_stahl">
      <en>Steel</en>
      <de>Stahl</de>
      <fr>Acier</fr>
    </text>
    <text name="palette_pellets">
      <en>Pellets</en>
      <de>Pellets</de>
      <fr>Pellets</fr>
    </text>
    <text name="palletPallet">
      <en>Empty pallet</en>
      <de>Leere Paletten</de>
      <fr>Palette vide</fr>
    </text>
    <text name="palettekrabben">
      <en>Pawns</en>
      <de>Krabben</de>
      <fr>Gambas</fr>
    </text>
    <text name="palettefisch">
      <en>Fish</en>
      <de>Fisch</de>
      <fr>Pêcher</fr>
    </text>
    <text name="palettezucker">
      <en>Sugar</en>
      <de>Zucker</de>
      <fr>Sucre</fr>
    </text>
    <text name="palettepapier">
      <en>Paper</en>
      <de>Papier</de>
      <fr>Papier</fr>
    </text>
    <text name="palette_karton">
      <en>Cardboard</en>
      <de>Karton</de>
      <fr>Carton</fr>
    </text>
    <text name="palette_korn">
      <en>Korn</en>
      <de>Korn</de>
      <fr>Grains</fr>
    </text>
    <text name="palette_obstler">
      <en>Fruit schnapps</en>
      <de>Obstler</de>
      <fr>Eau-de-vie de fruits</fr>
    </text>
    <text name="palette_birne">
      <en>Pear</en>
      <de>Birne</de>
      <fr>Poire</fr>
    </text>
    <text name="palette_pflaume">
      <en>Plum</en>
      <de>Pflaume</de>
      <fr>Prune</fr>
    </text>
    <text name="palette_apfel">
      <en>Apple</en>
      <de>Apfel</de>
      <fr>Pomme</fr>
    </text>
    <text name="palette_kirsche">
      <en>Cherry</en>
      <de>Kirsche</de>
      <fr>Cerise</fr>
    </text>
    <text name="palettekuchen">
      <en>Cake</en>
      <de>Kuchen</de>
      <fr>Gâteau</fr>
    </text>
    <text name="palettebrod">
      <en>Bread</en>
      <de>Brot</de>
      <fr>Pain</fr>
    </text>
    <text name="palettebackwaren">
      <en>Pastries</en>
      <de>Backwaren</de>
      <fr>Pâtisserie</fr>
    </text>
    <text name="bierpalettekasten">
      <en>Case of beer</en>
      <de>Bierkasten</de>
      <fr>Caisse de bière</fr>
    </text>
    <text name="bierpalettefass">
      <en>Beer keg</en>
      <de>Bierfass</de>
      <fr>Tonnelet de bière</fr>
    </text>
    <text name="palettemehlgerste1">
      <en>Flour</en>
      <de>Mehl</de>
      <fr>Farine</fr>
    </text>
    <text name="palettemehlweizen1">
      <en>Flour</en>
      <de>Mehl</de>
      <fr>Farine</fr>
    </text>
    <text name="palettemehlroggen1">
      <en>Flour</en>
      <de>Mehl</de>
      <fr>Farine</fr>
    </text>
    <text name="palettesahne">
      <en>Cream</en>
      <de>Sahne</de>
      <fr>Crème</fr>
    </text>
    <text name="palettemilch">
      <en>Whole milk</en>
      <de>Vollmilch</de>
      <fr>Lait entier</fr>
    </text>
    <text name="palettequark">
      <en>Curd</en>
      <de>Quark</de>
      <fr>Fromage blanc</fr>
    </text>
    <text name="paletteyogurt">
      <en>Yogurt</en>
      <de>Joghurt</de>
      <fr>Yaourt</fr>
    </text>
    <text name="palettebutter">
      <en>Butter</en>
      <de>Butter</de>
      <fr>Beure</fr>
    </text>
    <text name="palette_stoff">
      <en>Fabric roll</en>
      <de>Stoffrolle</de>
      <fr>Rouleau de tissu</fr>
    </text>
    <text name="palette_washedPotato">
      <en>Washed Potatoes</en>
      <de>gewasch. Kartoffeln</de>
      <fr>Pommes de terre lavées</fr>
    </text>
    <text name="palette_kartoffeln">
      <en>Potato bag</en>
      <de>Kartoffelsack</de>
      <fr>Sac de pommes de terre</fr>
    </text>
    <text name="palette_pommes">
      <en>Pommes</en>
      <de>Pommes</de>
      <fr>Palette de pommes</fr>
    </text>
    <text name="palette_chips">
      <en>Chips</en>
      <de>Chips</de>
      <fr>Chips</fr>
    </text>
    <text name="geldkassette">
      <en>Money</en>
      <de>Geld</de>
      <fr>Argent</fr>
    </text>
    <text name="geldkassetteg">
      <en>Money</en>
      <de>Geld</de>
      <fr>Argent</fr>
    </text>
    <text name="palette_wurst">
      <en>Sausage</en>
      <de>Wurst</de>
      <fr>Saucisse</fr>
    </text>
    <text name="palette_fleisch">
      <en>Meat</en>
      <de>Fleisch</de>
      <fr>Viande</fr>
    </text>
    <text name="palette_rotkohl">
      <en>Red cabbage</en>
      <de>Rotkohl</de>
      <fr>Chou rouge</fr>
    </text>
    <text name="palette_salat">
      <en>Salad</en>
      <de>Salat</de>
      <fr>Salade</fr>
    </text>
    <text name="palette_blumenkohl">
      <en>Cauliflower</en>
      <de>Blumenkohl</de>
      <fr>Chou-fleur</fr>
    </text>
    <text name="palette_tomaten">
      <en>Tomatoes</en>
      <de>Tomaten</de>
      <fr>Tomate</fr>
    </text>
    <text name="palette_oel">
      <en>Cooking oil</en>
      <de>Speiseöl</de>
      <fr>Huile</fr>
    </text>
    <text name="boardPallet">
      <en>Planks</en>
      <de>Bretter</de>
      <fr>Palette de planche</fr>
    </text>
    <text name="palette_cement">
      <en>Cement</en>
      <de>Zement</de>
      <fr>Ciment</fr>
    </text>
    <text name="palette_eier">
      <en>Egg</en>
      <de>Eier</de>
      <fr>Conneries</fr>
    </text>
    <text name="palette_kurbis">
      <en>Pumpkin</en>
      <de>Kürbis</de>
      <fr>Citrouille</fr>
    </text>
    <!-- Produkte/Rohstoffe v1.4 -->
    <text name="Holzstamm">
      <en>Holzstämme</en>
      <de>Holzstämme</de>
      <fr>Holzstämme</fr>
    </text>
    <text name="holzstamm">
      <en>Holzstämme</en>
      <de>Holzstämme</de>
      <fr>Holzstämme</fr>
    </text>
    <text name="palette_holz">
      <en>Holzstämme</en>
      <de>Holzstämme</de>
      <fr>Holzstämme</fr>
    </text>
    <text name="palette_holzkohle">
      <en>Holzkohle</en>
      <de>Holzkohle</de>
      <fr>Holzkohle</fr>
    </text>
    <text name="grassilage">
      <en>grassilage</en>
      <de>Grassilage</de>
      <fr>grassilage</fr>
    </text>
    <text name="holzscheit">
      <en>holzscheit</en>
      <de>Holzscheite</de>
      <fr>holzscheit</fr>
    </text>
    <text name="holzkohle">
      <en>holzkohle</en>
      <de>Holzkohle</de>
      <fr>holzkohle</fr>
    </text>
    <text name="Bretterpalette Baumstammpalette">
      <en>holz</en>
      <de>Holz</de>
      <fr>holz</fr>
    </text>
    <text name="Leerpaletten">
      <en>Empty pallet</en>
      <de>Leere Paletten</de>
      <fr>Palette vide</fr>
    </text>
    <text name="Bretterpaletten">
      <en>Planks</en>
      <de>Bretter</de>
      <fr>Palette de planche</fr>
    </text>
  </l10n>
</mapconfig>
